﻿<?xml version="1.0" encoding="utf-8" ?>
<appConfig>
  <applicationTitle>Billing Software</applicationTitle>
  <defaultConnectionString type="mssql" name="main">Data Source=.\express2008;initial Catalog=BillingDemo;user id=sa;pwd=sa1983</defaultConnectionString>

  <cruds>
    <crud name="mItem" tableName="mItem" viewName="vmItem" primaryKey="mItemID" isIdentity="false" />
    <crud name="mItemGroup" tableName="mItemGroup" viewName="mItemGroup" primaryKey="mItemGroupID" isIdentity="false" />
    <crud name="mUOM" tableName="mUOM" viewName="mUOM" primaryKey="mUOMID" isIdentity="false" />
    <crud name="mCompany" tableName="mCompany" viewName="vmCompany" primaryKey="mCompanyID" isIdentity="false" />
    <crud name="mEmployee" tableName="mEmployee" viewName="mEmployee" primaryKey="mEmployeeID" isIdentity="false" />
    <crud name="sysCompany" tableName="sysCompany" viewName="sysCompany" primaryKey="sysCompanyID" isIdentity="false" />
    <crud name="mTax" tableName="mTax" viewName="mTax" primaryKey="mTaxID" isIdentity="false" />
    <crud name="trSale" tableName="trSale" viewName="vtrSale" primaryKey="trSaleID" isIdentity="false" />
    <crud name="trSaleDetail" tableName="trSaleDetail" viewName="vtrSaleDetail" primaryKey="trSaleDetailID" isIdentity="false" />
    <crud name="trSaleTaxDetail" tableName="trSaleTaxDetail" viewName="vtrSaleTaxDetail" primaryKey="trSaleTaxDetailID" isIdentity="false" />
  </cruds>

  <requestData  type="getData">
    <dt name="mItemGroup" type="view">
      <view>mItemGroup</view>
    </dt>
    <dt name="mItem" type="view">
      <view>vmItem</view>
    </dt>
    <dt name="mUOM" type="view">
      <view>mUOM</view>
    </dt>
    <dt name="mTax" type="view">
      <view>mTax</view>
    </dt>
    <dt name="mCompany" type="view">
      <view>vmCompany</view>
    </dt>
    <dt name="mEmployee" type="view">
      <view>mEmployee</view>
    </dt>
    <dt name="sysCompany" type="view">
      <view>sysCompany</view>
    </dt>

    <dt name="trSale" type="view">
      <view>vtrSale</view>
    </dt>
    <dt name="trSaleDetail" type="view">
      <view>vtrSaleDetail</view>
    </dt>
    <dt name="trSaleTaxDetail" type="view">
      <view>vtrSaleTaxDetail</view>
    </dt>
    <dt name="sysCompanyTaxDetail" type="view">
      <view>vsysCompanyTaxDetail</view>
    </dt>
  </requestData>

  <requestData  type="DropDown">
    <dt name="item" type="sql">
      <sql>select ItemName,mItemID from vmItem</sql>
    </dt>
    <dt name="itemGroup" type="sql">
      <sql>select ItemGroup,mItemGroupID from mItemGroup</sql>
    </dt>
    <dt name="uom" type="sql">
      <sql>select UOM,mUOMID from mUOM</sql>
    </dt>
    <dt name="company" type="sql">
      <sql>select companyName,mCompanyID from vmCompany</sql>
    </dt>
    <dt name="employee" type="sql">
      <sql>select EmployeeName,mEmployeeID from mEmployee</sql>
    </dt>
    <dt name="tax" type="sql">
      <sql>select TaxName,mTaxID from mTax</sql>
    </dt>
    <dt name="sale" type="sql">
      <sql>select VoucherNo,VoucherDate,CompanyName,trSaleID from vtrSale</sql>
    </dt>
    <dt name="maxVoucherNo" type="sql">
      <sql>select max(voucherNo) from trSale</sql>
    </dt>
  </requestData>

  <requestData type="cmd">

    <cmd type="save" name="mItem\save" crudName="mItem" >
      <validations>
        <validate type="basic" fieldName="ItemName" fieldTitle="Item Name" maxLength="50"/>
        <validate type="unique" fieldName="ItemName" fieldTitle="Item Name" primaryKey="mItemID" tableName="mItem" />
      </validations>
    </cmd>
    <cmd type="delete" name="mItem\delete" crudName="mItem"></cmd>

    <cmd type="save" name="mItemGroup\save" crudName="mItemGroup" >
      <validations>
        <validate type="basic" fieldName="ItemGroup" fieldTitle="Item Group" maxLength="50"/>
        <validate type="unique" fieldName="ItemGroup" fieldTitle="Item Group" primaryKey="mItemGroupID" tableName="mItemGroup" />
      </validations>
    </cmd>
    <cmd type="delete" name="mItemGroup\delete" crudName="mItemGroup"></cmd>

    <cmd type="save" name="mUOM\save" crudName="mUOM" >
      <validations>
        <validate type="basic" fieldName="UOM" fieldTitle="Unit of Measurement" maxLength="50"/>
        <validate type="unique" fieldName="UOM" fieldTitle="Unit of Measurement" primaryKey="mUOMID" tableName="mUOM" />
      </validations>
    </cmd>
    <cmd type="delete" name="mUOM\delete" crudName="mUOM"></cmd>

    <cmd type="save" name="mCompany\save" crudName="mCompany" >
      <validations>
        <validate type="basic" fieldName="CompanyName" fieldTitle="Company Name" maxLength="50"/>
        <validate type="unique" fieldName="CompanyName" fieldTitle="Company Name" primaryKey="mCompanyID" tableName="mCompany" />
      </validations>
    </cmd>
    <cmd type="delete" name="mCompany\delete" crudName="mCompany"></cmd>

    <cmd type="save" name="mEmployee\save" crudName="mEmployee" >
      <validations>
        <validate type="basic" fieldName="EmployeeName" fieldTitle="Employee Name" maxLength="50"/>
        <validate type="unique" fieldName="EmployeeName" fieldTitle="Employee Name" primaryKey="mEmployeeID" tableName="mEmployee" />
      </validations>
    </cmd>
    <cmd type="delete" name="mEmployee\delete" crudName="mEmployee"></cmd>

    <cmd type="save" name="sysCompany\save" crudName="sysCompany" >
      <validations>
        <validate type="basic" fieldName="CompanyName" fieldTitle="Company Name" maxLength="50"/>
      </validations>
    </cmd>
    <cmd type="delete" name="sysCompany\save" crudName="sysCompany"></cmd>
    <cmd type="save" name="mTax\save" crudName="mTax" >
      <validations>
        <validate type="basic" fieldName="TaxName" fieldTitle="Tax Name" maxLength="50"/>
        <validate type="unique" fieldName="TaxName" fieldTitle="Tax Name" primaryKey="mTaxID" tableName="mTax" />
      </validations>
    </cmd>
    <cmd type="delete" name="mTax\delete" crudName="mTax"></cmd>

    <cmd type="other" name="trSale\save1"  assemblyName="BillingDemo" classPath="BillingDemo.bll.clsSale_Save" crudName="trSale" >
      <validations>
        <validate type="basic" fieldName="VoucherNo" fieldTitle="Voucher No" maxLength="50"/>
        <validate type="unique" fieldName="VoucherNo" fieldTitle="Voucher No" primaryKey="trSaleID" tableName="trSale" />
        <validate type="drp" fieldName="mCompanyID" fieldTitle="CompanyName"  />
      </validations>
    </cmd>

    <cmd type="delete" name="trSale\delete" crudName="trSale"></cmd>
    <cmd type="delete" name="trSaleDetail\delete" crudName="trSaleDetail" />
    <cmd type="delete" name="trSaleTaxDetail\delete" crudName="trSaleTaxDetail" />
    
  </requestData>
</appConfig>
