﻿<request type="winforms">
  <frm formKey="sysCompany" assemblyName="BillingDemo" formPath="sysCompany" />
  <frm formKey="mItemGroup" assemblyName="winui" formPath="inventory\mItemGroup" />
  <frm formKey="mItem" assemblyName="winui" formPath="inventory\mItem" />
  <frm formKey="mUOM" assemblyName="winui" formPath="inventory\mUOM" />
  
  <frm formKey="mTax" assemblyName="winui" formPath="erp\mTax" />
  <frm formKey="mCompany" assemblyName="winui" formPath="erp\mCompany" />
  <frm formKey="mEmployee" assemblyName="winui" formPath="erp\mEmployee" />

  <frm formKey="trBill" assemblyName="BillingDemo" formPath="trBill" />
  <frm formKey="test" assemblyName="winui" formPath="test" />
  
</request>
